Ambito,Area,Elemento,Producto,Año,Unidad,Valor
Totales de las emisiones,Argentina,Emisiones (N2O),Residuos agrícolas,2020,mil toneladas,27.9445
Totales de las emisiones,Argentina,Emisiones (CH4),Cultivo del arroz,2020,mil toneladas,51.884
Totales de las emisiones,Argentina,Emisiones (CH4),Quemado de residuos agrícolas,2020,mil toneladas,29.296
Totales de las emisiones,Argentina,Emisiones (N2O),Quemado de residuos agrícolas,2020,mil toneladas,0.7595
Totales de las emisiones,Argentina,Emisiones (CH4),Fermentación entérica,2020,mil toneladas,3225.4757
Totales de las emisiones,Argentina,Emisiones (CH4),Gestión del estiércol,2020,mil toneladas,68.9128
Totales de las emisiones,Argentina,Emisiones (N2O),Gestión del estiércol,2020,mil toneladas,2.0537
Totales de las emisiones,Argentina,Emisiones (N2O),Estiércol depositado en las pasturas,2020,mil toneladas,90.1803
Totales de las emisiones,Argentina,Emisiones (N2O),Estiércol aplicado a los suelos,2020,mil toneladas,4.2169
Totales de las emisiones,Argentina,Emisiones (N2O),Fertilizantes sintéticos,2020,mil toneladas,29.1579
Totales de las emisiones,Argentina,Emisiones (CO2),Suelos orgánicos drenados (CO2),2020,mil toneladas,5215.7866
Totales de las emisiones,Argentina,Emisiones (N2O),Suelos orgánicos drenados (N2O),2020,mil toneladas,2.2089
Totales de las emisiones,Argentina,Emisiones (CH4),On-farm energy use,2020,mil toneladas,0.6761
Totales de las emisiones,Argentina,Emisiones (N2O),On-farm energy use,2020,mil toneladas,3.8473
Totales de las emisiones,Argentina,Emisiones (CO2),On-farm energy use,2020,mil toneladas,10870.6033
Totales de las emisiones,Argentina,Emisiones (CO2),Tierras forestales,2020,mil toneladas,-27952.2907
Totales de las emisiones,Argentina,Emisiones (CO2),Conversión neta de bosques,2020,mil toneladas,54702.45
Totales de las emisiones,Argentina,Emisiones (CH4),Incendios de sabana,2020,mil toneladas,68.3801
Totales de las emisiones,Argentina,Emisiones (N2O),Incendios de sabana,2020,mil toneladas,6.2434
Totales de las emisiones,Argentina,Emisiones (CH4),Incendios en suelos de turba,2020,mil toneladas,0.0
Totales de las emisiones,Argentina,Emisiones (CO2),Incendios en suelos de turba,2020,mil toneladas,0.0
Totales de las emisiones,Argentina,Emisiones (CH4),Incendios forestales,2020,mil toneladas,26.0966
Totales de las emisiones,Argentina,Emisiones (N2O),Incendios forestales,2020,mil toneladas,2.3827
Totales de las emisiones,Argentina,Emisiones (CH4),Incendios en los bosques tropicales húmedos,2020,mil toneladas,11.5587
Totales de las emisiones,Argentina,Emisiones (N2O),Incendios en los bosques tropicales húmedos,2020,mil toneladas,1.0554
Totales de las emisiones,Argentina,Emisiones (CH4),Eliminación de desechos de sistemas agroalimentarios,2020,mil toneladas,399.113
Totales de las emisiones,Argentina,Emisiones (N2O),Eliminación de desechos de sistemas agroalimentarios,2020,mil toneladas,1.8392
Totales de las emisiones,Argentina,Emisiones (CO2),Eliminación de desechos de sistemas agroalimentarios,2020,mil toneladas,3.901
Totales de las emisiones,Argentina,Emisiones (N2O),Fabricación de fertilizantes,2020,mil toneladas,0.2596
Totales de las emisiones,Argentina,Emisiones (CO2),Fabricación de fertilizantes,2020,mil toneladas,872.0205
Totales de las emisiones,Argentina,Emisiones (CH4),Fabricación de pesticidas,2020,mil toneladas,0.0
Totales de las emisiones,Argentina,Emisiones (N2O),Fabricación de pesticidas,2020,mil toneladas,0.0
Totales de las emisiones,Argentina,Emisiones (CO2),Fabricación de pesticidas,2020,mil toneladas,7446.0
Totales de las emisiones,Argentina,Emisiones (CH4),Uso de electricidad en agrícola,2020,mil toneladas,0.0071
Totales de las emisiones,Argentina,Emisiones (N2O),Uso de electricidad en agrícola,2020,mil toneladas,0.0012
Totales de las emisiones,Argentina,Emisiones (CO2),Uso de electricidad en agrícola,2020,mil toneladas,190.0734
Totales de las emisiones,Argentina,Emisiones (CH4),Transformación de alimentos,2020,mil toneladas,0.2291
Totales de las emisiones,Argentina,Emisiones (N2O),Transformación de alimentos,2020,mil toneladas,0.0331
Totales de las emisiones,Argentina,Emisiones (CO2),Transformación de alimentos,2020,mil toneladas,8917.4775
Totales de las emisiones,Argentina,Emisiones (CH4),Envasado alimentario,2020,mil toneladas,0.0536
Totales de las emisiones,Argentina,Emisiones (N2O),Envasado alimentario,2020,mil toneladas,0.0076
Totales de las emisiones,Argentina,Emisiones (CO2),Envasado alimentario,2020,mil toneladas,2136.5082
Totales de las emisiones,Argentina,Emisiones (CH4),Venta de alimentos,2020,mil toneladas,0.2597
Totales de las emisiones,Argentina,Emisiones (N2O),Venta de alimentos,2020,mil toneladas,0.0167
Totales de las emisiones,Argentina,Emisiones (CO2),Venta de alimentos,2020,mil toneladas,2416.4493
Totales de las emisiones,Argentina,Emisiones (CH4),Consumo de alimentos en los hogares,2020,mil toneladas,0.3681
Totales de las emisiones,Argentina,Emisiones (N2O),Consumo de alimentos en los hogares,2020,mil toneladas,0.0143
Totales de las emisiones,Argentina,Emisiones (CO2),Consumo de alimentos en los hogares,2020,mil toneladas,5033.6057
Totales de las emisiones,Argentina,Emisiones (CH4),Transformación de alimentos,2020,mil toneladas,1.5226
Totales de las emisiones,Argentina,Emisiones (N2O),Transformación de alimentos,2020,mil toneladas,0.4087
Totales de las emisiones,Argentina,Emisiones (CO2),Transformación de alimentos,2020,mil toneladas,5317.9718
Totales de las emisiones,Argentina,Emisiones (CH4),Energía,2020,mil toneladas,844.0
Totales de las emisiones,Argentina,Emisiones (N2O),Energía,2020,mil toneladas,6.52
Totales de las emisiones,Argentina,Emisiones (CO2),Energía,2020,mil toneladas,164000.0
Totales de las emisiones,Argentina,Emisiones (CH4),IPPU,2020,mil toneladas,1.37
Totales de las emisiones,Argentina,Emisiones (N2O),IPPU,2020,mil toneladas,0.596
Totales de las emisiones,Argentina,Emisiones (CO2),IPPU,2020,mil toneladas,8740.0
Totales de las emisiones,Argentina,Emisiones (CH4),Desechos,2020,mil toneladas,508.0
Totales de las emisiones,Argentina,Emisiones (N2O),Desechos,2020,mil toneladas,3.04
Totales de las emisiones,Argentina,Emisiones (CO2),Desechos,2020,mil toneladas,11.7
Totales de las emisiones,Argentina,Emisiones (N2O),Otro,2020,mil toneladas,3.92
Totales de las emisiones,Bolivia (Estado Plurinacional de),Emisiones (N2O),Residuos agrícolas,2020,mil toneladas,1.5467
Totales de las emisiones,Bolivia (Estado Plurinacional de),Emisiones (CH4),Cultivo del arroz,2020,mil toneladas,12.3561
Totales de las emisiones,Bolivia (Estado Plurinacional de),Emisiones (CH4),Quemado de residuos agrícolas,2020,mil toneladas,1.9408
Totales de las emisiones,Bolivia (Estado Plurinacional de),Emisiones (N2O),Quemado de residuos agrícolas,2020,mil toneladas,0.0503
Totales de las emisiones,Bolivia (Estado Plurinacional de),Emisiones (CH4),Fermentación entérica,2020,mil toneladas,730.0964
Totales de las emisiones,Bolivia (Estado Plurinacional de),Emisiones (CH4),Gestión del estiércol,2020,mil toneladas,24.8474
Totales de las emisiones,Bolivia (Estado Plurinacional de),Emisiones (N2O),Gestión del estiércol,2020,mil toneladas,1.3597
Totales de las emisiones,Bolivia (Estado Plurinacional de),Emisiones (N2O),Estiércol depositado en las pasturas,2020,mil toneladas,21.6231
Totales de las emisiones,Bolivia (Estado Plurinacional de),Emisiones (N2O),Estiércol aplicado a los suelos,2020,mil toneladas,2.436
Totales de las emisiones,Bolivia (Estado Plurinacional de),Emisiones (N2O),Fertilizantes sintéticos,2020,mil toneladas,0.47
Totales de las emisiones,Bolivia (Estado Plurinacional de),Emisiones (CO2),Suelos orgánicos drenados (CO2),2020,mil toneladas,0.0
Totales de las emisiones,Bolivia (Estado Plurinacional de),Emisiones (N2O),Suelos orgánicos drenados (N2O),2020,mil toneladas,0.0
Totales de las emisiones,Bolivia (Estado Plurinacional de),Emisiones (CH4),On-farm energy use,2020,mil toneladas,0.0326
Totales de las emisiones,Bolivia (Estado Plurinacional de),Emisiones (N2O),On-farm energy use,2020,mil toneladas,0.22
Totales de las emisiones,Bolivia (Estado Plurinacional de),Emisiones (CO2),On-farm energy use,2020,mil toneladas,578.5473
Totales de las emisiones,Bolivia (Estado Plurinacional de),Emisiones (CO2),Tierras forestales,2020,mil toneladas,-318.9952
Totales de las emisiones,Bolivia (Estado Plurinacional de),Emisiones (CO2),Conversión neta de bosques,2020,mil toneladas,67700.9512
Totales de las emisiones,Bolivia (Estado Plurinacional de),Emisiones (CH4),Incendios de sabana,2020,mil toneladas,44.4415
Totales de las emisiones,Bolivia (Estado Plurinacional de),Emisiones (N2O),Incendios de sabana,2020,mil toneladas,4.0577
Totales de las emisiones,Bolivia (Estado Plurinacional de),Emisiones (CH4),Incendios en suelos de turba,2020,mil toneladas,0.0
Totales de las emisiones,Bolivia (Estado Plurinacional de),Emisiones (CO2),Incendios en suelos de turba,2020,mil toneladas,0.0
Totales de las emisiones,Bolivia (Estado Plurinacional de),Emisiones (CH4),Incendios forestales,2020,mil toneladas,169.4473
Totales de las emisiones,Bolivia (Estado Plurinacional de),Emisiones (N2O),Incendios forestales,2020,mil toneladas,15.4713
Totales de las emisiones,Bolivia (Estado Plurinacional de),Emisiones (CH4),Incendios en los bosques tropicales húmedos,2020,mil toneladas,154.9624
Totales de las emisiones,Bolivia (Estado Plurinacional de),Emisiones (N2O),Incendios en los bosques tropicales húmedos,2020,mil toneladas,14.1487
Totales de las emisiones,Bolivia (Estado Plurinacional de),Emisiones (CH4),Eliminación de desechos de sistemas agroalimentarios,2020,mil toneladas,67.7774
Totales de las emisiones,Bolivia (Estado Plurinacional de),Emisiones (N2O),Eliminación de desechos de sistemas agroalimentarios,2020,mil toneladas,0.3051
Totales de las emisiones,Bolivia (Estado Plurinacional de),Emisiones (CO2),Eliminación de desechos de sistemas agroalimentarios,2020,mil toneladas,0.489
Totales de las emisiones,Bolivia (Estado Plurinacional de),Emisiones (CO2),Fabricación de fertilizantes,2020,mil toneladas,18.853
Totales de las emisiones,Bolivia (Estado Plurinacional de),Emisiones (CH4),Fabricación de pesticidas,2020,mil toneladas,0.0
Totales de las emisiones,Bolivia (Estado Plurinacional de),Emisiones (N2O),Fabricación de pesticidas,2020,mil toneladas,0.0
Totales de las emisiones,Bolivia (Estado Plurinacional de),Emisiones (CO2),Fabricación de pesticidas,2020,mil toneladas,528.0
Totales de las emisiones,Bolivia (Estado Plurinacional de),Emisiones (CH4),Uso de electricidad en agrícola,2020,mil toneladas,0.0135
Totales de las emisiones,Bolivia (Estado Plurinacional de),Emisiones (N2O),Uso de electricidad en agrícola,2020,mil toneladas,0.0022
Totales de las emisiones,Bolivia (Estado Plurinacional de),Emisiones (CO2),Uso de electricidad en agrícola,2020,mil toneladas,178.8938
Totales de las emisiones,Bolivia (Estado Plurinacional de),Emisiones (CH4),Envasado alimentario,2020,mil toneladas,0.0108
Totales de las emisiones,Bolivia (Estado Plurinacional de),Emisiones (N2O),Envasado alimentario,2020,mil toneladas,0.0001
Totales de las emisiones,Bolivia (Estado Plurinacional de),Emisiones (CO2),Envasado alimentario,2020,mil toneladas,6.0348
Totales de las emisiones,Bolivia (Estado Plurinacional de),Emisiones (CH4),Venta de alimentos,2020,mil toneladas,0.0104
Totales de las emisiones,Bolivia (Estado Plurinacional de),Emisiones (N2O),Venta de alimentos,2020,mil toneladas,0.0017
Totales de las emisiones,Bolivia (Estado Plurinacional de),Emisiones (CO2),Venta de alimentos,2020,mil toneladas,155.9241
Totales de las emisiones,Bolivia (Estado Plurinacional de),Emisiones (CH4),Consumo de alimentos en los hogares,2020,mil toneladas,0.0988
Totales de las emisiones,Bolivia (Estado Plurinacional de),Emisiones (N2O),Consumo de alimentos en los hogares,2020,mil toneladas,0.0047
Totales de las emisiones,Bolivia (Estado Plurinacional de),Emisiones (CO2),Consumo de alimentos en los hogares,2020,mil toneladas,1241.3763
Totales de las emisiones,Bolivia (Estado Plurinacional de),Emisiones (CH4),Transformación de alimentos,2020,mil toneladas,0.3737
Totales de las emisiones,Bolivia (Estado Plurinacional de),Emisiones (N2O),Transformación de alimentos,2020,mil toneladas,0.0779
Totales de las emisiones,Bolivia (Estado Plurinacional de),Emisiones (CO2),Transformación de alimentos,2020,mil toneladas,956.5339
Totales de las emisiones,Bolivia (Estado Plurinacional de),Emisiones (CH4),Energía,2020,mil toneladas,372.0
Totales de las emisiones,Bolivia (Estado Plurinacional de),Emisiones (N2O),Energía,2020,mil toneladas,1.55
Totales de las emisiones,Bolivia (Estado Plurinacional de),Emisiones (CO2),Energía,2020,mil toneladas,18300.0
Totales de las emisiones,Bolivia (Estado Plurinacional de),Emisiones (N2O),IPPU,2020,mil toneladas,0.0346
Totales de las emisiones,Bolivia (Estado Plurinacional de),Emisiones (CO2),IPPU,2020,mil toneladas,1340.0
Totales de las emisiones,Bolivia (Estado Plurinacional de),Emisiones (CH4),Desechos,2020,mil toneladas,74.0
Totales de las emisiones,Bolivia (Estado Plurinacional de),Emisiones (N2O),Desechos,2020,mil toneladas,0.512
Totales de las emisiones,Bolivia (Estado Plurinacional de),Emisiones (CO2),Desechos,2020,mil toneladas,2.46
Totales de las emisiones,Bolivia (Estado Plurinacional de),Emisiones (N2O),Otro,2020,mil toneladas,0.699
Totales de las emisiones,Brasil,Emisiones (N2O),Residuos agrícolas,2020,mil toneladas,50.764
Totales de las emisiones,Brasil,Emisiones (CH4),Cultivo del arroz,2020,mil toneladas,108.9837
Totales de las emisiones,Brasil,Emisiones (CH4),Quemado de residuos agrícolas,2020,mil toneladas,71.981
Totales de las emisiones,Brasil,Emisiones (N2O),Quemado de residuos agrícolas,2020,mil toneladas,1.8662
Totales de las emisiones,Brasil,Emisiones (CH4),Fermentación entérica,2020,mil toneladas,12891.2681
Totales de las emisiones,Brasil,Emisiones (CH4),Gestión del estiércol,2020,mil toneladas,307.916
Totales de las emisiones,Brasil,Emisiones (N2O),Gestión del estiércol,2020,mil toneladas,16.124
Totales de las emisiones,Brasil,Emisiones (N2O),Estiércol depositado en las pasturas,2020,mil toneladas,349.55
Totales de las emisiones,Brasil,Emisiones (N2O),Estiércol aplicado a los suelos,2020,mil toneladas,35.5609
Totales de las emisiones,Brasil,Emisiones (N2O),Fertilizantes sintéticos,2020,mil toneladas,123.0727
Totales de las emisiones,Brasil,Emisiones (CO2),Suelos orgánicos drenados (CO2),2020,mil toneladas,478.5922
Totales de las emisiones,Brasil,Emisiones (N2O),Suelos orgánicos drenados (N2O),2020,mil toneladas,0.1042
Totales de las emisiones,Brasil,Emisiones (CH4),On-farm energy use,2020,mil toneladas,1.2922
Totales de las emisiones,Brasil,Emisiones (N2O),On-farm energy use,2020,mil toneladas,8.8451
Totales de las emisiones,Brasil,Emisiones (CO2),On-farm energy use,2020,mil toneladas,23007.3998
Totales de las emisiones,Brasil,Emisiones (CO2),Tierras forestales,2020,mil toneladas,-269412.8448
Totales de las emisiones,Brasil,Emisiones (CO2),Conversión neta de bosques,2020,mil toneladas,653402.772
Totales de las emisiones,Brasil,Emisiones (CH4),Incendios de sabana,2020,mil toneladas,237.396
Totales de las emisiones,Brasil,Emisiones (N2O),Incendios de sabana,2020,mil toneladas,21.6753
Totales de las emisiones,Brasil,Emisiones (CH4),Incendios en suelos de turba,2020,mil toneladas,0.0
Totales de las emisiones,Brasil,Emisiones (CO2),Incendios en suelos de turba,2020,mil toneladas,0.0
Totales de las emisiones,Brasil,Emisiones (CH4),Incendios forestales,2020,mil toneladas,392.0234
Totales de las emisiones,Brasil,Emisiones (N2O),Incendios forestales,2020,mil toneladas,35.7934
Totales de las emisiones,Brasil,Emisiones (CH4),Incendios en los bosques tropicales húmedos,2020,mil toneladas,389.5548
Totales de las emisiones,Brasil,Emisiones (N2O),Incendios en los bosques tropicales húmedos,2020,mil toneladas,35.568
Totales de las emisiones,Brasil,Emisiones (CH4),Eliminación de desechos de sistemas agroalimentarios,2020,mil toneladas,2714.3269
Totales de las emisiones,Brasil,Emisiones (N2O),Eliminación de desechos de sistemas agroalimentarios,2020,mil toneladas,7.9007
Totales de las emisiones,Brasil,Emisiones (CO2),Eliminación de desechos de sistemas agroalimentarios,2020,mil toneladas,21.4056
Totales de las emisiones,Brasil,Emisiones (N2O),Fabricación de fertilizantes,2020,mil toneladas,1.2707
Totales de las emisiones,Brasil,Emisiones (CO2),Fabricación de fertilizantes,2020,mil toneladas,1838.9573
Totales de las emisiones,Brasil,Emisiones (CH4),Fabricación de pesticidas,2020,mil toneladas,0.0
Totales de las emisiones,Brasil,Emisiones (N2O),Fabricación de pesticidas,2020,mil toneladas,0.0
Totales de las emisiones,Brasil,Emisiones (CO2),Fabricación de pesticidas,2020,mil toneladas,7331.0
Totales de las emisiones,Brasil,Emisiones (CH4),Uso de electricidad en agrícola,2020,mil toneladas,0.1162
Totales de las emisiones,Brasil,Emisiones (N2O),Uso de electricidad en agrícola,2020,mil toneladas,0.0245
Totales de las emisiones,Brasil,Emisiones (CO2),Uso de electricidad en agrícola,2020,mil toneladas,3385.865
Totales de las emisiones,Brasil,Emisiones (CH4),Transformación de alimentos,2020,mil toneladas,0.4919
Totales de las emisiones,Brasil,Emisiones (N2O),Transformación de alimentos,2020,mil toneladas,0.0386
Totales de las emisiones,Brasil,Emisiones (CO2),Transformación de alimentos,2020,mil toneladas,7245.049
Totales de las emisiones,Brasil,Emisiones (CH4),Envasado alimentario,2020,mil toneladas,2.049
Totales de las emisiones,Brasil,Emisiones (N2O),Envasado alimentario,2020,mil toneladas,0.0391
Totales de las emisiones,Brasil,Emisiones (CO2),Envasado alimentario,2020,mil toneladas,5287.8069
Totales de las emisiones,Brasil,Emisiones (CH4),Venta de alimentos,2020,mil toneladas,0.2227
Totales de las emisiones,Brasil,Emisiones (N2O),Venta de alimentos,2020,mil toneladas,0.0217
Totales de las emisiones,Brasil,Emisiones (CO2),Venta de alimentos,2020,mil toneladas,2990.5828
Totales de las emisiones,Brasil,Emisiones (CH4),Consumo de alimentos en los hogares,2020,mil toneladas,1.3786
Totales de las emisiones,Brasil,Emisiones (N2O),Consumo de alimentos en los hogares,2020,mil toneladas,0.0646
Totales de las emisiones,Brasil,Emisiones (CO2),Consumo de alimentos en los hogares,2020,mil toneladas,20518.1112
Totales de las emisiones,Brasil,Emisiones (CH4),Transformación de alimentos,2020,mil toneladas,4.7964
Totales de las emisiones,Brasil,Emisiones (N2O),Transformación de alimentos,2020,mil toneladas,2.0147
Totales de las emisiones,Brasil,Emisiones (CO2),Transformación de alimentos,2020,mil toneladas,24145.5781
Totales de las emisiones,Brasil,Emisiones (CH4),Energía,2020,mil toneladas,1650.0
Totales de las emisiones,Brasil,Emisiones (N2O),Energía,2020,mil toneladas,29.2
Totales de las emisiones,Brasil,Emisiones (CO2),Energía,2020,mil toneladas,410000.0
Totales de las emisiones,Brasil,Emisiones (CH4),IPPU,2020,mil toneladas,5.04
Totales de las emisiones,Brasil,Emisiones (N2O),IPPU,2020,mil toneladas,5.5
Totales de las emisiones,Brasil,Emisiones (CO2),IPPU,2020,mil toneladas,43100.0
Totales de las emisiones,Brasil,Emisiones (CH4),Desechos,2020,mil toneladas,5600.0
Totales de las emisiones,Brasil,Emisiones (N2O),Desechos,2020,mil toneladas,13.0
Totales de las emisiones,Brasil,Emisiones (CO2),Desechos,2020,mil toneladas,296.0
Totales de las emisiones,Brasil,Emisiones (N2O),Otro,2020,mil toneladas,21.7
Totales de las emisiones,Chile,Emisiones (N2O),Residuos agrícolas,2020,mil toneladas,0.597
Totales de las emisiones,Chile,Emisiones (CH4),Cultivo del arroz,2020,mil toneladas,5.8384
Totales de las emisiones,Chile,Emisiones (CH4),Quemado de residuos agrícolas,2020,mil toneladas,0.435
Totales de las emisiones,Chile,Emisiones (N2O),Quemado de residuos agrícolas,2020,mil toneladas,0.0113
Totales de las emisiones,Chile,Emisiones (CH4),Fermentación entérica,2020,mil toneladas,208.0393
Totales de las emisiones,Chile,Emisiones (CH4),Gestión del estiércol,2020,mil toneladas,7.9465
Totales de las emisiones,Chile,Emisiones (N2O),Gestión del estiércol,2020,mil toneladas,1.2711
Totales de las emisiones,Chile,Emisiones (N2O),Estiércol depositado en las pasturas,2020,mil toneladas,7.0589
Totales de las emisiones,Chile,Emisiones (N2O),Estiércol aplicado a los suelos,2020,mil toneladas,2.6541
Totales de las emisiones,Chile,Emisiones (N2O),Fertilizantes sintéticos,2020,mil toneladas,5.0783
Totales de las emisiones,Chile,Emisiones (CO2),Suelos orgánicos drenados (CO2),2020,mil toneladas,1035.6147
Totales de las emisiones,Chile,Emisiones (N2O),Suelos orgánicos drenados (N2O),2020,mil toneladas,0.7348
Totales de las emisiones,Chile,Emisiones (CH4),On-farm energy use,2020,mil toneladas,0.1483
Totales de las emisiones,Chile,Emisiones (N2O),On-farm energy use,2020,mil toneladas,0.3278
Totales de las emisiones,Chile,Emisiones (CO2),On-farm energy use,2020,mil toneladas,1428.7836
Totales de las emisiones,Chile,Emisiones (CO2),Tierras forestales,2020,mil toneladas,-58269.1025
Totales de las emisiones,Chile,Emisiones (CO2),Conversión neta de bosques,2020,mil toneladas,0.0
Totales de las emisiones,Chile,Emisiones (CH4),Incendios de sabana,2020,mil toneladas,0.4672
Totales de las emisiones,Chile,Emisiones (N2O),Incendios de sabana,2020,mil toneladas,0.0427
Totales de las emisiones,Chile,Emisiones (CH4),Incendios en suelos de turba,2020,mil toneladas,0.0
Totales de las emisiones,Chile,Emisiones (CO2),Incendios en suelos de turba,2020,mil toneladas,0.0
Totales de las emisiones,Chile,Emisiones (CH4),Incendios forestales,2020,mil toneladas,3.7986
Totales de las emisiones,Chile,Emisiones (N2O),Incendios forestales,2020,mil toneladas,0.3468
Totales de las emisiones,Chile,Emisiones (CH4),Incendios en los bosques tropicales húmedos,2020,mil toneladas,0.0
Totales de las emisiones,Chile,Emisiones (N2O),Incendios en los bosques tropicales húmedos,2020,mil toneladas,0.0
Totales de las emisiones,Chile,Emisiones (CH4),Eliminación de desechos de sistemas agroalimentarios,2020,mil toneladas,191.0473
Totales de las emisiones,Chile,Emisiones (N2O),Eliminación de desechos de sistemas agroalimentarios,2020,mil toneladas,0.6387
Totales de las emisiones,Chile,Emisiones (CO2),Eliminación de desechos de sistemas agroalimentarios,2020,mil toneladas,1.277
Totales de las emisiones,Chile,Emisiones (N2O),Fabricación de fertilizantes,2020,mil toneladas,1.98
Totales de las emisiones,Chile,Emisiones (CO2),Fabricación de fertilizantes,2020,mil toneladas,649.2188
Totales de las emisiones,Chile,Emisiones (CH4),Fabricación de pesticidas,2020,mil toneladas,0.0
Totales de las emisiones,Chile,Emisiones (N2O),Fabricación de pesticidas,2020,mil toneladas,0.0
Totales de las emisiones,Chile,Emisiones (CO2),Fabricación de pesticidas,2020,mil toneladas,170.0
Totales de las emisiones,Chile,Emisiones (CH4),Uso de electricidad en agrícola,2020,mil toneladas,0.0031
Totales de las emisiones,Chile,Emisiones (N2O),Uso de electricidad en agrícola,2020,mil toneladas,0.0056
Totales de las emisiones,Chile,Emisiones (CO2),Uso de electricidad en agrícola,2020,mil toneladas,384.3585
Totales de las emisiones,Chile,Emisiones (CH4),Transformación de alimentos,2020,mil toneladas,0.3951
Totales de las emisiones,Chile,Emisiones (N2O),Transformación de alimentos,2020,mil toneladas,0.0022
Totales de las emisiones,Chile,Emisiones (CO2),Transformación de alimentos,2020,mil toneladas,241.7639
Totales de las emisiones,Chile,Emisiones (CH4),Envasado alimentario,2020,mil toneladas,0.0266
Totales de las emisiones,Chile,Emisiones (N2O),Envasado alimentario,2020,mil toneladas,0.0163
Totales de las emisiones,Chile,Emisiones (CO2),Envasado alimentario,2020,mil toneladas,1374.2316
Totales de las emisiones,Chile,Emisiones (CH4),Venta de alimentos,2020,mil toneladas,0.0283
Totales de las emisiones,Chile,Emisiones (N2O),Venta de alimentos,2020,mil toneladas,0.0157
Totales de las emisiones,Chile,Emisiones (CO2),Venta de alimentos,2020,mil toneladas,1299.4408
Totales de las emisiones,Chile,Emisiones (CH4),Consumo de alimentos en los hogares,2020,mil toneladas,0.0501
Totales de las emisiones,Chile,Emisiones (N2O),Consumo de alimentos en los hogares,2020,mil toneladas,0.0261
Totales de las emisiones,Chile,Emisiones (CO2),Consumo de alimentos en los hogares,2020,mil toneladas,2180.419
Totales de las emisiones,Chile,Emisiones (CH4),Transformación de alimentos,2020,mil toneladas,0.4368
Totales de las emisiones,Chile,Emisiones (N2O),Transformación de alimentos,2020,mil toneladas,0.2038
Totales de las emisiones,Chile,Emisiones (CO2),Transformación de alimentos,2020,mil toneladas,2654.8371
Totales de las emisiones,Chile,Emisiones (CH4),Energía,2020,mil toneladas,113.0
Totales de las emisiones,Chile,Emisiones (N2O),Energía,2020,mil toneladas,3.07
Totales de las emisiones,Chile,Emisiones (CO2),Energía,2020,mil toneladas,76000.0
Totales de las emisiones,Chile,Emisiones (CH4),IPPU,2020,mil toneladas,0.0679
Totales de las emisiones,Chile,Emisiones (N2O),IPPU,2020,mil toneladas,1.84
Totales de las emisiones,Chile,Emisiones (CO2),IPPU,2020,mil toneladas,1080.0
Totales de las emisiones,Chile,Emisiones (CH4),Desechos,2020,mil toneladas,528.0
Totales de las emisiones,Chile,Emisiones (N2O),Desechos,2020,mil toneladas,1.02
Totales de las emisiones,Chile,Emisiones (CO2),Desechos,2020,mil toneladas,0.0594
Totales de las emisiones,Chile,Emisiones (N2O),Otro,2020,mil toneladas,2.79
Totales de las emisiones,Colombia,Emisiones (N2O),Residuos agrícolas,2020,mil toneladas,1.1328
Totales de las emisiones,Colombia,Emisiones (CH4),Cultivo del arroz,2020,mil toneladas,123.5772
Totales de las emisiones,Colombia,Emisiones (CH4),Quemado de residuos agrícolas,2020,mil toneladas,2.5208
Totales de las emisiones,Colombia,Emisiones (N2O),Quemado de residuos agrícolas,2020,mil toneladas,0.0654
Totales de las emisiones,Colombia,Emisiones (CH4),Fermentación entérica,2020,mil toneladas,1708.123
Totales de las emisiones,Colombia,Emisiones (CH4),Gestión del estiércol,2020,mil toneladas,42.6234
Totales de las emisiones,Colombia,Emisiones (N2O),Gestión del estiércol,2020,mil toneladas,2.5692
Totales de las emisiones,Colombia,Emisiones (N2O),Estiércol depositado en las pasturas,2020,mil toneladas,45.0302
Totales de las emisiones,Colombia,Emisiones (N2O),Estiércol aplicado a los suelos,2020,mil toneladas,6.1328
Totales de las emisiones,Colombia,Emisiones (N2O),Fertilizantes sintéticos,2020,mil toneladas,11.0335
Totales de las emisiones,Colombia,Emisiones (CO2),Suelos orgánicos drenados (CO2),2020,mil toneladas,705.5352
Totales de las emisiones,Colombia,Emisiones (N2O),Suelos orgánicos drenados (N2O),2020,mil toneladas,0.1244
Totales de las emisiones,Colombia,Emisiones (CH4),On-farm energy use,2020,mil toneladas,7.2589
Totales de las emisiones,Colombia,Emisiones (N2O),On-farm energy use,2020,mil toneladas,0.1375
Totales de las emisiones,Colombia,Emisiones (CO2),On-farm energy use,2020,mil toneladas,2572.0184
Totales de las emisiones,Colombia,Emisiones (CO2),Tierras forestales,2020,mil toneladas,-281.4225
Totales de las emisiones,Colombia,Emisiones (CO2),Conversión neta de bosques,2020,mil toneladas,82452.6637
Totales de las emisiones,Colombia,Emisiones (CH4),Incendios de sabana,2020,mil toneladas,32.8427
Totales de las emisiones,Colombia,Emisiones (N2O),Incendios de sabana,2020,mil toneladas,2.9987
Totales de las emisiones,Colombia,Emisiones (CH4),Incendios en suelos de turba,2020,mil toneladas,0.0
Totales de las emisiones,Colombia,Emisiones (CO2),Incendios en suelos de turba,2020,mil toneladas,0.0
Totales de las emisiones,Colombia,Emisiones (CH4),Incendios forestales,2020,mil toneladas,8.3154
Totales de las emisiones,Colombia,Emisiones (N2O),Incendios forestales,2020,mil toneladas,0.7592
Totales de las emisiones,Colombia,Emisiones (CH4),Incendios en los bosques tropicales húmedos,2020,mil toneladas,7.8371
Totales de las emisiones,Colombia,Emisiones (N2O),Incendios en los bosques tropicales húmedos,2020,mil toneladas,0.7156
Totales de las emisiones,Colombia,Emisiones (CH4),Eliminación de desechos de sistemas agroalimentarios,2020,mil toneladas,400.1721
Totales de las emisiones,Colombia,Emisiones (N2O),Eliminación de desechos de sistemas agroalimentarios,2020,mil toneladas,1.6174
Totales de las emisiones,Colombia,Emisiones (CO2),Eliminación de desechos de sistemas agroalimentarios,2020,mil toneladas,3.6096
Totales de las emisiones,Colombia,Emisiones (N2O),Fabricación de fertilizantes,2020,mil toneladas,0.327
Totales de las emisiones,Colombia,Emisiones (CO2),Fabricación de fertilizantes,2020,mil toneladas,1107.181
Totales de las emisiones,Colombia,Emisiones (CH4),Fabricación de pesticidas,2020,mil toneladas,0.0
Totales de las emisiones,Colombia,Emisiones (N2O),Fabricación de pesticidas,2020,mil toneladas,0.0
Totales de las emisiones,Colombia,Emisiones (CO2),Fabricación de pesticidas,2020,mil toneladas,930.0
Totales de las emisiones,Colombia,Emisiones (CH4),Uso de electricidad en agrícola,2020,mil toneladas,0.009
Totales de las emisiones,Colombia,Emisiones (N2O),Uso de electricidad en agrícola,2020,mil toneladas,0.0028
Totales de las emisiones,Colombia,Emisiones (CO2),Uso de electricidad en agrícola,2020,mil toneladas,160.5904
Totales de las emisiones,Colombia,Emisiones (CH4),Transformación de alimentos,2020,mil toneladas,6.2801
Totales de las emisiones,Colombia,Emisiones (N2O),Transformación de alimentos,2020,mil toneladas,0.0495
Totales de las emisiones,Colombia,Emisiones (CO2),Transformación de alimentos,2020,mil toneladas,5144.2322
Totales de las emisiones,Colombia,Emisiones (CH4),Envasado alimentario,2020,mil toneladas,0.5931
Totales de las emisiones,Colombia,Emisiones (N2O),Envasado alimentario,2020,mil toneladas,0.0062
Totales de las emisiones,Colombia,Emisiones (CO2),Envasado alimentario,2020,mil toneladas,719.6713
Totales de las emisiones,Colombia,Emisiones (CH4),Venta de alimentos,2020,mil toneladas,0.0373
Totales de las emisiones,Colombia,Emisiones (N2O),Venta de alimentos,2020,mil toneladas,0.0108
Totales de las emisiones,Colombia,Emisiones (CO2),Venta de alimentos,2020,mil toneladas,806.9442
Totales de las emisiones,Colombia,Emisiones (CH4),Consumo de alimentos en los hogares,2020,mil toneladas,0.4098
Totales de las emisiones,Colombia,Emisiones (N2O),Consumo de alimentos en los hogares,2020,mil toneladas,0.0362
Totales de las emisiones,Colombia,Emisiones (CO2),Consumo de alimentos en los hogares,2020,mil toneladas,4892.914
Totales de las emisiones,Colombia,Emisiones (CH4),Transformación de alimentos,2020,mil toneladas,0.8223
Totales de las emisiones,Colombia,Emisiones (N2O),Transformación de alimentos,2020,mil toneladas,0.2811
Totales de las emisiones,Colombia,Emisiones (CO2),Transformación de alimentos,2020,mil toneladas,3321.5068
Totales de las emisiones,Colombia,Emisiones (CH4),Energía,2020,mil toneladas,680.0
Totales de las emisiones,Colombia,Emisiones (N2O),Energía,2020,mil toneladas,2.46
Totales de las emisiones,Colombia,Emisiones (CO2),Energía,2020,mil toneladas,83600.0
Totales de las emisiones,Colombia,Emisiones (CH4),IPPU,2020,mil toneladas,0.0966
Totales de las emisiones,Colombia,Emisiones (N2O),IPPU,2020,mil toneladas,0.152
Totales de las emisiones,Colombia,Emisiones (CO2),IPPU,2020,mil toneladas,5690.0
Totales de las emisiones,Colombia,Emisiones (CH4),Desechos,2020,mil toneladas,883.0
Totales de las emisiones,Colombia,Emisiones (N2O),Desechos,2020,mil toneladas,2.25
Totales de las emisiones,Colombia,Emisiones (CO2),Desechos,2020,mil toneladas,18.4
Totales de las emisiones,Colombia,Emisiones (N2O),Otro,2020,mil toneladas,2.82
Totales de las emisiones,Ecuador,Emisiones (N2O),Residuos agrícolas,2020,mil toneladas,0.5718
Totales de las emisiones,Ecuador,Emisiones (CH4),Cultivo del arroz,2020,mil toneladas,65.704
Totales de las emisiones,Ecuador,Emisiones (CH4),Quemado de residuos agrícolas,2020,mil toneladas,1.638
Totales de las emisiones,Ecuador,Emisiones (N2O),Quemado de residuos agrícolas,2020,mil toneladas,0.0425
Totales de las emisiones,Ecuador,Emisiones (CH4),Fermentación entérica,2020,mil toneladas,265.9208
Totales de las emisiones,Ecuador,Emisiones (CH4),Gestión del estiércol,2020,mil toneladas,9.0488
Totales de las emisiones,Ecuador,Emisiones (N2O),Gestión del estiércol,2020,mil toneladas,0.6445
Totales de las emisiones,Ecuador,Emisiones (N2O),Estiércol depositado en las pasturas,2020,mil toneladas,7.3262
Totales de las emisiones,Ecuador,Emisiones (N2O),Estiércol aplicado a los suelos,2020,mil toneladas,1.891
Totales de las emisiones,Ecuador,Emisiones (N2O),Fertilizantes sintéticos,2020,mil toneladas,4.3353
Totales de las emisiones,Ecuador,Emisiones (CO2),Suelos orgánicos drenados (CO2),2020,mil toneladas,81.0195
Totales de las emisiones,Ecuador,Emisiones (N2O),Suelos orgánicos drenados (N2O),2020,mil toneladas,0.0129
Totales de las emisiones,Ecuador,Emisiones (CH4),On-farm energy use,2020,mil toneladas,0.3542
Totales de las emisiones,Ecuador,Emisiones (N2O),On-farm energy use,2020,mil toneladas,0.0239
Totales de las emisiones,Ecuador,Emisiones (CO2),On-farm energy use,2020,mil toneladas,401.3647
Totales de las emisiones,Ecuador,Emisiones (CO2),Tierras forestales,2020,mil toneladas,0.0
Totales de las emisiones,Ecuador,Emisiones (CO2),Conversión neta de bosques,2020,mil toneladas,26042.4182
Totales de las emisiones,Ecuador,Emisiones (CH4),Incendios de sabana,2020,mil toneladas,0.541
Totales de las emisiones,Ecuador,Emisiones (N2O),Incendios de sabana,2020,mil toneladas,0.0494
Totales de las emisiones,Ecuador,Emisiones (CH4),Incendios en suelos de turba,2020,mil toneladas,0.0
Totales de las emisiones,Ecuador,Emisiones (CO2),Incendios en suelos de turba,2020,mil toneladas,0.0
Totales de las emisiones,Ecuador,Emisiones (CH4),Incendios forestales,2020,mil toneladas,0.2621
Totales de las emisiones,Ecuador,Emisiones (N2O),Incendios forestales,2020,mil toneladas,0.0239
Totales de las emisiones,Ecuador,Emisiones (CH4),Incendios en los bosques tropicales húmedos,2020,mil toneladas,0.0292
Totales de las emisiones,Ecuador,Emisiones (N2O),Incendios en los bosques tropicales húmedos,2020,mil toneladas,0.0027
Totales de las emisiones,Ecuador,Emisiones (CH4),Eliminación de desechos de sistemas agroalimentarios,2020,mil toneladas,159.1984
Totales de las emisiones,Ecuador,Emisiones (N2O),Eliminación de desechos de sistemas agroalimentarios,2020,mil toneladas,0.4264
Totales de las emisiones,Ecuador,Emisiones (CO2),Eliminación de desechos de sistemas agroalimentarios,2020,mil toneladas,1.3766
Totales de las emisiones,Ecuador,Emisiones (CH4),Fabricación de pesticidas,2020,mil toneladas,0.0
Totales de las emisiones,Ecuador,Emisiones (N2O),Fabricación de pesticidas,2020,mil toneladas,0.0
Totales de las emisiones,Ecuador,Emisiones (CO2),Fabricación de pesticidas,2020,mil toneladas,561.0
Totales de las emisiones,Ecuador,Emisiones (CH4),Uso de electricidad en agrícola,2020,mil toneladas,0.0519
Totales de las emisiones,Ecuador,Emisiones (N2O),Uso de electricidad en agrícola,2020,mil toneladas,0.011
Totales de las emisiones,Ecuador,Emisiones (CO2),Uso de electricidad en agrícola,2020,mil toneladas,1087.8068
Totales de las emisiones,Ecuador,Emisiones (CH4),Venta de alimentos,2020,mil toneladas,0.0123
Totales de las emisiones,Ecuador,Emisiones (N2O),Venta de alimentos,2020,mil toneladas,0.0025
Totales de las emisiones,Ecuador,Emisiones (CO2),Venta de alimentos,2020,mil toneladas,286.211
Totales de las emisiones,Ecuador,Emisiones (CH4),Consumo de alimentos en los hogares,2020,mil toneladas,0.1499
Totales de las emisiones,Ecuador,Emisiones (N2O),Consumo de alimentos en los hogares,2020,mil toneladas,0.0053
Totales de las emisiones,Ecuador,Emisiones (CO2),Consumo de alimentos en los hogares,2020,mil toneladas,1990.8392
Totales de las emisiones,Ecuador,Emisiones (CH4),Transformación de alimentos,2020,mil toneladas,0.2888
Totales de las emisiones,Ecuador,Emisiones (N2O),Transformación de alimentos,2020,mil toneladas,0.1254
Totales de las emisiones,Ecuador,Emisiones (CO2),Transformación de alimentos,2020,mil toneladas,1603.7126
Totales de las emisiones,Ecuador,Emisiones (CH4),Energía,2020,mil toneladas,330.0
Totales de las emisiones,Ecuador,Emisiones (N2O),Energía,2020,mil toneladas,0.772
Totales de las emisiones,Ecuador,Emisiones (CO2),Energía,2020,mil toneladas,32400.0
Totales de las emisiones,Ecuador,Emisiones (CH4),IPPU,2020,mil toneladas,0.0001
Totales de las emisiones,Ecuador,Emisiones (N2O),IPPU,2020,mil toneladas,0.0521
Totales de las emisiones,Ecuador,Emisiones (CO2),IPPU,2020,mil toneladas,2670.0
Totales de las emisiones,Ecuador,Emisiones (CH4),Desechos,2020,mil toneladas,214.0
Totales de las emisiones,Ecuador,Emisiones (N2O),Desechos,2020,mil toneladas,0.75
Totales de las emisiones,Ecuador,Emisiones (CO2),Desechos,2020,mil toneladas,4.48
Totales de las emisiones,Ecuador,Emisiones (N2O),Otro,2020,mil toneladas,1.5
Totales de las emisiones,Guayana Francesa,Emisiones (CO2),Suelos orgánicos drenados (CO2),2020,mil toneladas,35.7104
Totales de las emisiones,Guayana Francesa,Emisiones (N2O),Suelos orgánicos drenados (N2O),2020,mil toneladas,0.0058
Totales de las emisiones,Guayana Francesa,Emisiones (CH4),On-farm energy use,2020,mil toneladas,0.0015
Totales de las emisiones,Guayana Francesa,Emisiones (N2O),On-farm energy use,2020,mil toneladas,0.0105
Totales de las emisiones,Guayana Francesa,Emisiones (CO2),On-farm energy use,2020,mil toneladas,27.109
Totales de las emisiones,Guayana Francesa,Emisiones (CO2),Tierras forestales,2020,mil toneladas,-15.6017
Totales de las emisiones,Guayana Francesa,Emisiones (CO2),Conversión neta de bosques,2020,mil toneladas,2691.2875
Totales de las emisiones,Guayana Francesa,Emisiones (CH4),Incendios de sabana,2020,mil toneladas,0.0003
Totales de las emisiones,Guayana Francesa,Emisiones (N2O),Incendios de sabana,2020,mil toneladas,0.0
Totales de las emisiones,Guayana Francesa,Emisiones (CH4),Incendios en suelos de turba,2020,mil toneladas,0.0
Totales de las emisiones,Guayana Francesa,Emisiones (CO2),Incendios en suelos de turba,2020,mil toneladas,0.0
Totales de las emisiones,Guayana Francesa,Emisiones (CH4),Incendios forestales,2020,mil toneladas,0.0053
Totales de las emisiones,Guayana Francesa,Emisiones (N2O),Incendios forestales,2020,mil toneladas,0.0005
Totales de las emisiones,Guayana Francesa,Emisiones (CH4),Incendios en los bosques tropicales húmedos,2020,mil toneladas,0.0053
Totales de las emisiones,Guayana Francesa,Emisiones (N2O),Incendios en los bosques tropicales húmedos,2020,mil toneladas,0.0005
Totales de las emisiones,Guayana Francesa,Emisiones (CH4),Consumo de alimentos en los hogares,2020,mil toneladas,0.0008
Totales de las emisiones,Guayana Francesa,Emisiones (N2O),Consumo de alimentos en los hogares,2020,mil toneladas,0.0
Totales de las emisiones,Guayana Francesa,Emisiones (CO2),Consumo de alimentos en los hogares,2020,mil toneladas,9.687
Totales de las emisiones,Guayana Francesa,Emisiones (CH4),Transformación de alimentos,2020,mil toneladas,0.0045
Totales de las emisiones,Guayana Francesa,Emisiones (N2O),Transformación de alimentos,2020,mil toneladas,0.0023
Totales de las emisiones,Guayana Francesa,Emisiones (CO2),Transformación de alimentos,2020,mil toneladas,33.78
Totales de las emisiones,Guyana,Emisiones (N2O),Residuos agrícolas,2020,mil toneladas,0.1716
Totales de las emisiones,Guyana,Emisiones (CH4),Cultivo del arroz,2020,mil toneladas,49.3967
Totales de las emisiones,Guyana,Emisiones (CH4),Quemado de residuos agrícolas,2020,mil toneladas,0.3167
Totales de las emisiones,Guyana,Emisiones (N2O),Quemado de residuos agrícolas,2020,mil toneladas,0.0082
Totales de las emisiones,Guyana,Emisiones (CH4),Fermentación entérica,2020,mil toneladas,7.1473
Totales de las emisiones,Guyana,Emisiones (CH4),Gestión del estiércol,2020,mil toneladas,0.8124
Totales de las emisiones,Guyana,Emisiones (N2O),Gestión del estiércol,2020,mil toneladas,0.0561
Totales de las emisiones,Guyana,Emisiones (N2O),Estiércol depositado en las pasturas,2020,mil toneladas,0.3665
Totales de las emisiones,Guyana,Emisiones (N2O),Estiércol aplicado a los suelos,2020,mil toneladas,0.178
Totales de las emisiones,Guyana,Emisiones (N2O),Fertilizantes sintéticos,2020,mil toneladas,0.3638
Totales de las emisiones,Guyana,Emisiones (CO2),Suelos orgánicos drenados (CO2),2020,mil toneladas,3107.5865
Totales de las emisiones,Guyana,Emisiones (N2O),Suelos orgánicos drenados (N2O),2020,mil toneladas,0.51
Totales de las emisiones,Guyana,Emisiones (CH4),On-farm energy use,2020,mil toneladas,0.0366
Totales de las emisiones,Guyana,Emisiones (N2O),On-farm energy use,2020,mil toneladas,0.2179
Totales de las emisiones,Guyana,Emisiones (CO2),On-farm energy use,2020,mil toneladas,568.5124
Totales de las emisiones,Guyana,Emisiones (CO2),Tierras forestales,2020,mil toneladas,0.0
Totales de las emisiones,Guyana,Emisiones (CO2),Conversión neta de bosques,2020,mil toneladas,9744.3975
Totales de las emisiones,Guyana,Emisiones (CH4),Incendios de sabana,2020,mil toneladas,1.1971
Totales de las emisiones,Guyana,Emisiones (N2O),Incendios de sabana,2020,mil toneladas,0.1093
Totales de las emisiones,Guyana,Emisiones (CH4),Incendios en suelos de turba,2020,mil toneladas,0.0
Totales de las emisiones,Guyana,Emisiones (CO2),Incendios en suelos de turba,2020,mil toneladas,0.0
Totales de las emisiones,Guyana,Emisiones (CH4),Incendios forestales,2020,mil toneladas,0.6001
Totales de las emisiones,Guyana,Emisiones (N2O),Incendios forestales,2020,mil toneladas,0.0548
Totales de las emisiones,Guyana,Emisiones (CH4),Incendios en los bosques tropicales húmedos,2020,mil toneladas,0.5505
Totales de las emisiones,Guyana,Emisiones (N2O),Incendios en los bosques tropicales húmedos,2020,mil toneladas,0.0503
Totales de las emisiones,Guyana,Emisiones (CH4),Eliminación de desechos de sistemas agroalimentarios,2020,mil toneladas,6.4356
Totales de las emisiones,Guyana,Emisiones (N2O),Eliminación de desechos de sistemas agroalimentarios,2020,mil toneladas,0.0315
Totales de las emisiones,Guyana,Emisiones (CO2),Eliminación de desechos de sistemas agroalimentarios,2020,mil toneladas,0.0503
Totales de las emisiones,Guyana,Emisiones (CH4),Fabricación de pesticidas,2020,mil toneladas,0.0
Totales de las emisiones,Guyana,Emisiones (N2O),Fabricación de pesticidas,2020,mil toneladas,0.0
Totales de las emisiones,Guyana,Emisiones (CO2),Fabricación de pesticidas,2020,mil toneladas,22.0
Totales de las emisiones,Guyana,Emisiones (CH4),Uso de electricidad en agrícola,2020,mil toneladas,0.0011
Totales de las emisiones,Guyana,Emisiones (N2O),Uso de electricidad en agrícola,2020,mil toneladas,0.0003
Totales de las emisiones,Guyana,Emisiones (CO2),Uso de electricidad en agrícola,2020,mil toneladas,27.0683
Totales de las emisiones,Guyana,Emisiones (CH4),Envasado alimentario,2020,mil toneladas,0.0034
Totales de las emisiones,Guyana,Emisiones (N2O),Envasado alimentario,2020,mil toneladas,0.0
Totales de las emisiones,Guyana,Emisiones (CO2),Envasado alimentario,2020,mil toneladas,1.9166
Totales de las emisiones,Guyana,Emisiones (CH4),Venta de alimentos,2020,mil toneladas,0.0011
Totales de las emisiones,Guyana,Emisiones (N2O),Venta de alimentos,2020,mil toneladas,0.0003
Totales de las emisiones,Guyana,Emisiones (CO2),Venta de alimentos,2020,mil toneladas,29.89
Totales de las emisiones,Guyana,Emisiones (CH4),Consumo de alimentos en los hogares,2020,mil toneladas,0.005
Totales de las emisiones,Guyana,Emisiones (N2O),Consumo de alimentos en los hogares,2020,mil toneladas,0.0007
Totales de las emisiones,Guyana,Emisiones (CO2),Consumo de alimentos en los hogares,2020,mil toneladas,95.1175
Totales de las emisiones,Guyana,Emisiones (CH4),Transformación de alimentos,2020,mil toneladas,0.0233
Totales de las emisiones,Guyana,Emisiones (N2O),Transformación de alimentos,2020,mil toneladas,0.0087
Totales de las emisiones,Guyana,Emisiones (CO2),Transformación de alimentos,2020,mil toneladas,94.006
Totales de las emisiones,Guyana,Emisiones (CH4),Energía,2020,mil toneladas,0.446
Totales de las emisiones,Guyana,Emisiones (N2O),Energía,2020,mil toneladas,0.0781
Totales de las emisiones,Guyana,Emisiones (CO2),Energía,2020,mil toneladas,2190.0
Totales de las emisiones,Guyana,Emisiones (N2O),IPPU,2020,mil toneladas,0.0023
Totales de las emisiones,Guyana,Emisiones (CO2),IPPU,2020,mil toneladas,167.0
Totales de las emisiones,Guyana,Emisiones (CH4),Desechos,2020,mil toneladas,16.9
Totales de las emisiones,Guyana,Emisiones (N2O),Desechos,2020,mil toneladas,0.0421
Totales de las emisiones,Guyana,Emisiones (CO2),Desechos,2020,mil toneladas,0.127
Totales de las emisiones,Guyana,Emisiones (N2O),Otro,2020,mil toneladas,0.127
Totales de las emisiones,Paraguay,Emisiones (N2O),Residuos agrícolas,2020,mil toneladas,4.2072
Totales de las emisiones,Paraguay,Emisiones (CH4),Cultivo del arroz,2020,mil toneladas,25.2
Totales de las emisiones,Paraguay,Emisiones (CH4),Quemado de residuos agrícolas,2020,mil toneladas,3.9408
Totales de las emisiones,Paraguay,Emisiones (N2O),Quemado de residuos agrícolas,2020,mil toneladas,0.1022
Totales de las emisiones,Paraguay,Emisiones (CH4),Fermentación entérica,2020,mil toneladas,796.8916
Totales de las emisiones,Paraguay,Emisiones (CH4),Gestión del estiércol,2020,mil toneladas,16.3439
Totales de las emisiones,Paraguay,Emisiones (N2O),Gestión del estiércol,2020,mil toneladas,0.4842
Totales de las emisiones,Paraguay,Emisiones (N2O),Estiércol depositado en las pasturas,2020,mil toneladas,21.6213
Totales de las emisiones,Paraguay,Emisiones (N2O),Estiércol aplicado a los suelos,2020,mil toneladas,0.8608
Totales de las emisiones,Paraguay,Emisiones (N2O),Fertilizantes sintéticos,2020,mil toneladas,2.946
Totales de las emisiones,Paraguay,Emisiones (CO2),Suelos orgánicos drenados (CO2),2020,mil toneladas,0.0
Totales de las emisiones,Paraguay,Emisiones (N2O),Suelos orgánicos drenados (N2O),2020,mil toneladas,0.0
Totales de las emisiones,Paraguay,Emisiones (CO2),Tierras forestales,2020,mil toneladas,-1880.2626
Totales de las emisiones,Paraguay,Emisiones (CO2),Conversión neta de bosques,2020,mil toneladas,47847.7947
Totales de las emisiones,Paraguay,Emisiones (CH4),Incendios de sabana,2020,mil toneladas,51.7122
Totales de las emisiones,Paraguay,Emisiones (N2O),Incendios de sabana,2020,mil toneladas,4.7215
Totales de las emisiones,Paraguay,Emisiones (CH4),Incendios en suelos de turba,2020,mil toneladas,0.0
Totales de las emisiones,Paraguay,Emisiones (CO2),Incendios en suelos de turba,2020,mil toneladas,0.0
Totales de las emisiones,Paraguay,Emisiones (CH4),Incendios forestales,2020,mil toneladas,10.3366
Totales de las emisiones,Paraguay,Emisiones (N2O),Incendios forestales,2020,mil toneladas,0.9438
Totales de las emisiones,Paraguay,Emisiones (CH4),Incendios en los bosques tropicales húmedos,2020,mil toneladas,7.9462
Totales de las emisiones,Paraguay,Emisiones (N2O),Incendios en los bosques tropicales húmedos,2020,mil toneladas,0.7255
Totales de las emisiones,Paraguay,Emisiones (CH4),Eliminación de desechos de sistemas agroalimentarios,2020,mil toneladas,59.3664
Totales de las emisiones,Paraguay,Emisiones (N2O),Eliminación de desechos de sistemas agroalimentarios,2020,mil toneladas,0.1743
Totales de las emisiones,Paraguay,Emisiones (CO2),Eliminación de desechos de sistemas agroalimentarios,2020,mil toneladas,0.4562
Totales de las emisiones,Paraguay,Emisiones (CH4),Fabricación de pesticidas,2020,mil toneladas,0.0
Totales de las emisiones,Paraguay,Emisiones (N2O),Fabricación de pesticidas,2020,mil toneladas,0.0
Totales de las emisiones,Paraguay,Emisiones (CO2),Fabricación de pesticidas,2020,mil toneladas,317.0
Totales de las emisiones,Paraguay,Emisiones (CH4),Uso de electricidad en agrícola,2020,mil toneladas,0.0019
Totales de las emisiones,Paraguay,Emisiones (N2O),Uso de electricidad en agrícola,2020,mil toneladas,0.0002
Totales de las emisiones,Paraguay,Emisiones (CO2),Uso de electricidad en agrícola,2020,mil toneladas,0.0521
Totales de las emisiones,Paraguay,Emisiones (CH4),Envasado alimentario,2020,mil toneladas,0.0001
Totales de las emisiones,Paraguay,Emisiones (N2O),Envasado alimentario,2020,mil toneladas,0.0
Totales de las emisiones,Paraguay,Emisiones (CO2),Envasado alimentario,2020,mil toneladas,0.0687
Totales de las emisiones,Paraguay,Emisiones (CH4),Venta de alimentos,2020,mil toneladas,0.0004
Totales de las emisiones,Paraguay,Emisiones (N2O),Venta de alimentos,2020,mil toneladas,0.0
Totales de las emisiones,Paraguay,Emisiones (CO2),Venta de alimentos,2020,mil toneladas,0.0098
Totales de las emisiones,Paraguay,Emisiones (CH4),Consumo de alimentos en los hogares,2020,mil toneladas,0.0174
Totales de las emisiones,Paraguay,Emisiones (N2O),Consumo de alimentos en los hogares,2020,mil toneladas,0.0008
Totales de las emisiones,Paraguay,Emisiones (CO2),Consumo de alimentos en los hogares,2020,mil toneladas,161.0909
Totales de las emisiones,Paraguay,Emisiones (CH4),Transformación de alimentos,2020,mil toneladas,0.1342
Totales de las emisiones,Paraguay,Emisiones (N2O),Transformación de alimentos,2020,mil toneladas,0.0619
Totales de las emisiones,Paraguay,Emisiones (CO2),Transformación de alimentos,2020,mil toneladas,838.0564
Totales de las emisiones,Paraguay,Emisiones (CH4),Energía,2020,mil toneladas,57.2
Totales de las emisiones,Paraguay,Emisiones (N2O),Energía,2020,mil toneladas,0.584
Totales de las emisiones,Paraguay,Emisiones (CO2),Energía,2020,mil toneladas,5940.0
Totales de las emisiones,Paraguay,Emisiones (CH4),IPPU,2020,mil toneladas,0.0003
Totales de las emisiones,Paraguay,Emisiones (N2O),IPPU,2020,mil toneladas,0.0212
Totales de las emisiones,Paraguay,Emisiones (CO2),IPPU,2020,mil toneladas,609.0
Totales de las emisiones,Paraguay,Emisiones (CH4),Desechos,2020,mil toneladas,52.4
Totales de las emisiones,Paraguay,Emisiones (N2O),Desechos,2020,mil toneladas,0.306
Totales de las emisiones,Paraguay,Emisiones (CO2),Desechos,2020,mil toneladas,0.0
Totales de las emisiones,Paraguay,Emisiones (N2O),Otro,2020,mil toneladas,0.597
Totales de las emisiones,Perú,Emisiones (N2O),Residuos agrícolas,2020,mil toneladas,1.2812
Totales de las emisiones,Perú,Emisiones (CH4),Cultivo del arroz,2020,mil toneladas,98.2188
Totales de las emisiones,Perú,Emisiones (CH4),Quemado de residuos agrícolas,2020,mil toneladas,2.0655
Totales de las emisiones,Perú,Emisiones (N2O),Quemado de residuos agrícolas,2020,mil toneladas,0.0536
Totales de las emisiones,Perú,Emisiones (CH4),Fermentación entérica,2020,mil toneladas,595.8533
Totales de las emisiones,Perú,Emisiones (CH4),Gestión del estiércol,2020,mil toneladas,23.6933
Totales de las emisiones,Perú,Emisiones (N2O),Gestión del estiércol,2020,mil toneladas,1.3057
Totales de las emisiones,Perú,Emisiones (N2O),Estiércol depositado en las pasturas,2020,mil toneladas,16.4477
Totales de las emisiones,Perú,Emisiones (N2O),Estiércol aplicado a los suelos,2020,mil toneladas,2.6738
Totales de las emisiones,Perú,Emisiones (N2O),Fertilizantes sintéticos,2020,mil toneladas,6.4932
Totales de las emisiones,Perú,Emisiones (CO2),Suelos orgánicos drenados (CO2),2020,mil toneladas,101.9907
Totales de las emisiones,Perú,Emisiones (N2O),Suelos orgánicos drenados (N2O),2020,mil toneladas,0.0162
Totales de las emisiones,Perú,Emisiones (CH4),On-farm energy use,2020,mil toneladas,0.0652
Totales de las emisiones,Perú,Emisiones (N2O),On-farm energy use,2020,mil toneladas,0.1056
Totales de las emisiones,Perú,Emisiones (CO2),On-farm energy use,2020,mil toneladas,329.3808
Totales de las emisiones,Perú,Emisiones (CO2),Tierras forestales,2020,mil toneladas,-3246.9785
Totales de las emisiones,Perú,Emisiones (CO2),Conversión neta de bosques,2020,mil toneladas,92892.6325
Totales de las emisiones,Perú,Emisiones (CH4),Incendios de sabana,2020,mil toneladas,1.6735
Totales de las emisiones,Perú,Emisiones (N2O),Incendios de sabana,2020,mil toneladas,0.1528
Totales de las emisiones,Perú,Emisiones (CH4),Incendios en suelos de turba,2020,mil toneladas,0.0
Totales de las emisiones,Perú,Emisiones (CO2),Incendios en suelos de turba,2020,mil toneladas,0.0
Totales de las emisiones,Perú,Emisiones (CH4),Incendios forestales,2020,mil toneladas,3.2188
Totales de las emisiones,Perú,Emisiones (N2O),Incendios forestales,2020,mil toneladas,0.2939
Totales de las emisiones,Perú,Emisiones (CH4),Incendios en los bosques tropicales húmedos,2020,mil toneladas,2.3835
Totales de las emisiones,Perú,Emisiones (N2O),Incendios en los bosques tropicales húmedos,2020,mil toneladas,0.2176
Totales de las emisiones,Perú,Emisiones (CH4),Eliminación de desechos de sistemas agroalimentarios,2020,mil toneladas,329.0335
Totales de las emisiones,Perú,Emisiones (N2O),Eliminación de desechos de sistemas agroalimentarios,2020,mil toneladas,0.9748
Totales de las emisiones,Perú,Emisiones (CO2),Eliminación de desechos de sistemas agroalimentarios,2020,mil toneladas,1.7406
Totales de las emisiones,Perú,Emisiones (CO2),Fabricación de fertilizantes,2020,mil toneladas,0.2193
Totales de las emisiones,Perú,Emisiones (CH4),Fabricación de pesticidas,2020,mil toneladas,0.0
Totales de las emisiones,Perú,Emisiones (N2O),Fabricación de pesticidas,2020,mil toneladas,0.0
Totales de las emisiones,Perú,Emisiones (CO2),Fabricación de pesticidas,2020,mil toneladas,192.0
Totales de las emisiones,Perú,Emisiones (CH4),Uso de electricidad en agrícola,2020,mil toneladas,0.0167
Totales de las emisiones,Perú,Emisiones (N2O),Uso de electricidad en agrícola,2020,mil toneladas,0.0024
Totales de las emisiones,Perú,Emisiones (CO2),Uso de electricidad en agrícola,2020,mil toneladas,314.3986
Totales de las emisiones,Perú,Emisiones (CH4),Envasado alimentario,2020,mil toneladas,0.0131
Totales de las emisiones,Perú,Emisiones (N2O),Envasado alimentario,2020,mil toneladas,0.0014
Totales de las emisiones,Perú,Emisiones (CO2),Envasado alimentario,2020,mil toneladas,214.0882
Totales de las emisiones,Perú,Emisiones (CH4),Venta de alimentos,2020,mil toneladas,0.0611
Totales de las emisiones,Perú,Emisiones (N2O),Venta de alimentos,2020,mil toneladas,0.0044
Totales de las emisiones,Perú,Emisiones (CO2),Venta de alimentos,2020,mil toneladas,575.9013
Totales de las emisiones,Perú,Emisiones (CH4),Consumo de alimentos en los hogares,2020,mil toneladas,0.1658
Totales de las emisiones,Perú,Emisiones (N2O),Consumo de alimentos en los hogares,2020,mil toneladas,0.006
Totales de las emisiones,Perú,Emisiones (CO2),Consumo de alimentos en los hogares,2020,mil toneladas,2214.4498
Totales de las emisiones,Perú,Emisiones (CH4),Transformación de alimentos,2020,mil toneladas,0.65
Totales de las emisiones,Perú,Emisiones (N2O),Transformación de alimentos,2020,mil toneladas,0.149
Totales de las emisiones,Perú,Emisiones (CO2),Transformación de alimentos,2020,mil toneladas,2418.8531
Totales de las emisiones,Perú,Emisiones (CH4),Energía,2020,mil toneladas,355.0
Totales de las emisiones,Perú,Emisiones (N2O),Energía,2020,mil toneladas,1.23
Totales de las emisiones,Perú,Emisiones (CO2),Energía,2020,mil toneladas,41800.0
Totales de las emisiones,Perú,Emisiones (CH4),IPPU,2020,mil toneladas,0.0049
Totales de las emisiones,Perú,Emisiones (N2O),IPPU,2020,mil toneladas,0.0998
Totales de las emisiones,Perú,Emisiones (CO2),IPPU,2020,mil toneladas,5080.0
Totales de las emisiones,Perú,Emisiones (CH4),Desechos,2020,mil toneladas,361.0
Totales de las emisiones,Perú,Emisiones (N2O),Desechos,2020,mil toneladas,1.68
Totales de las emisiones,Perú,Emisiones (CO2),Desechos,2020,mil toneladas,9.27
Totales de las emisiones,Perú,Emisiones (N2O),Otro,2020,mil toneladas,1.73
Totales de las emisiones,Suriname,Emisiones (N2O),Residuos agrícolas,2020,mil toneladas,0.0653
Totales de las emisiones,Suriname,Emisiones (CH4),Cultivo del arroz,2020,mil toneladas,17.243
Totales de las emisiones,Suriname,Emisiones (CH4),Quemado de residuos agrícolas,2020,mil toneladas,0.0971
Totales de las emisiones,Suriname,Emisiones (N2O),Quemado de residuos agrícolas,2020,mil toneladas,0.0025
Totales de las emisiones,Suriname,Emisiones (CH4),Fermentación entérica,2020,mil toneladas,2.2031
Totales de las emisiones,Suriname,Emisiones (CH4),Gestión del estiércol,2020,mil toneladas,0.2413
Totales de las emisiones,Suriname,Emisiones (N2O),Gestión del estiércol,2020,mil toneladas,0.0224
Totales de las emisiones,Suriname,Emisiones (N2O),Estiércol depositado en las pasturas,2020,mil toneladas,0.1037
Totales de las emisiones,Suriname,Emisiones (N2O),Estiércol aplicado a los suelos,2020,mil toneladas,0.048
Totales de las emisiones,Suriname,Emisiones (N2O),Fertilizantes sintéticos,2020,mil toneladas,0.1362
Totales de las emisiones,Suriname,Emisiones (CO2),Suelos orgánicos drenados (CO2),2020,mil toneladas,645.1611
Totales de las emisiones,Suriname,Emisiones (N2O),Suelos orgánicos drenados (N2O),2020,mil toneladas,0.1052
Totales de las emisiones,Suriname,Emisiones (CH4),On-farm energy use,2020,mil toneladas,0.033
Totales de las emisiones,Suriname,Emisiones (N2O),On-farm energy use,2020,mil toneladas,0.0945
Totales de las emisiones,Suriname,Emisiones (CO2),On-farm energy use,2020,mil toneladas,302.6567
Totales de las emisiones,Suriname,Emisiones (CO2),Tierras forestales,2020,mil toneladas,0.0
Totales de las emisiones,Suriname,Emisiones (CO2),Conversión neta de bosques,2020,mil toneladas,8572.7871
Totales de las emisiones,Suriname,Emisiones (CH4),Incendios de sabana,2020,mil toneladas,0.1613
Totales de las emisiones,Suriname,Emisiones (N2O),Incendios de sabana,2020,mil toneladas,0.0147
Totales de las emisiones,Suriname,Emisiones (CH4),Incendios en suelos de turba,2020,mil toneladas,0.0
Totales de las emisiones,Suriname,Emisiones (CO2),Incendios en suelos de turba,2020,mil toneladas,0.0
Totales de las emisiones,Suriname,Emisiones (CH4),Incendios forestales,2020,mil toneladas,0.1383
Totales de las emisiones,Suriname,Emisiones (N2O),Incendios forestales,2020,mil toneladas,0.0126
Totales de las emisiones,Suriname,Emisiones (CH4),Incendios en los bosques tropicales húmedos,2020,mil toneladas,0.1383
Totales de las emisiones,Suriname,Emisiones (N2O),Incendios en los bosques tropicales húmedos,2020,mil toneladas,0.0126
Totales de las emisiones,Suriname,Emisiones (CH4),Eliminación de desechos de sistemas agroalimentarios,2020,mil toneladas,2.9094
Totales de las emisiones,Suriname,Emisiones (N2O),Eliminación de desechos de sistemas agroalimentarios,2020,mil toneladas,0.0117
Totales de las emisiones,Suriname,Emisiones (CO2),Eliminación de desechos de sistemas agroalimentarios,2020,mil toneladas,0.0191
Totales de las emisiones,Suriname,Emisiones (CH4),Fabricación de pesticidas,2020,mil toneladas,0.0
Totales de las emisiones,Suriname,Emisiones (N2O),Fabricación de pesticidas,2020,mil toneladas,0.0
Totales de las emisiones,Suriname,Emisiones (CO2),Fabricación de pesticidas,2020,mil toneladas,11.0
Totales de las emisiones,Suriname,Emisiones (CH4),Uso de electricidad en agrícola,2020,mil toneladas,0.0003
Totales de las emisiones,Suriname,Emisiones (N2O),Uso de electricidad en agrícola,2020,mil toneladas,0.0001
Totales de las emisiones,Suriname,Emisiones (CO2),Uso de electricidad en agrícola,2020,mil toneladas,7.6767
Totales de las emisiones,Suriname,Emisiones (CH4),Envasado alimentario,2020,mil toneladas,0.0002
Totales de las emisiones,Suriname,Emisiones (N2O),Envasado alimentario,2020,mil toneladas,0.0001
Totales de las emisiones,Suriname,Emisiones (CO2),Envasado alimentario,2020,mil toneladas,7.3219
Totales de las emisiones,Suriname,Emisiones (CH4),Venta de alimentos,2020,mil toneladas,0.0014
Totales de las emisiones,Suriname,Emisiones (N2O),Venta de alimentos,2020,mil toneladas,0.0002
Totales de las emisiones,Suriname,Emisiones (CO2),Venta de alimentos,2020,mil toneladas,23.383
Totales de las emisiones,Suriname,Emisiones (CH4),Consumo de alimentos en los hogares,2020,mil toneladas,0.0059
Totales de las emisiones,Suriname,Emisiones (N2O),Consumo de alimentos en los hogares,2020,mil toneladas,0.0007
Totales de las emisiones,Suriname,Emisiones (CO2),Consumo de alimentos en los hogares,2020,mil toneladas,117.3553
Totales de las emisiones,Suriname,Emisiones (CH4),Transformación de alimentos,2020,mil toneladas,0.0013
Totales de las emisiones,Suriname,Emisiones (N2O),Transformación de alimentos,2020,mil toneladas,0.0013
Totales de las emisiones,Suriname,Emisiones (CO2),Transformación de alimentos,2020,mil toneladas,25.0037
Totales de las emisiones,Suriname,Emisiones (CH4),Energía,2020,mil toneladas,6.0
Totales de las emisiones,Suriname,Emisiones (N2O),Energía,2020,mil toneladas,0.13
Totales de las emisiones,Suriname,Emisiones (CO2),Energía,2020,mil toneladas,2660.0
Totales de las emisiones,Suriname,Emisiones (N2O),IPPU,2020,mil toneladas,0.0017
Totales de las emisiones,Suriname,Emisiones (CO2),IPPU,2020,mil toneladas,55.6
Totales de las emisiones,Suriname,Emisiones (CH4),Desechos,2020,mil toneladas,10.5
Totales de las emisiones,Suriname,Emisiones (N2O),Desechos,2020,mil toneladas,0.0233
Totales de las emisiones,Suriname,Emisiones (CO2),Desechos,2020,mil toneladas,0.209
Totales de las emisiones,Suriname,Emisiones (N2O),Otro,2020,mil toneladas,0.131
Totales de las emisiones,Uruguay,Emisiones (N2O),Residuos agrícolas,2020,mil toneladas,1.2583
Totales de las emisiones,Uruguay,Emisiones (CH4),Cultivo del arroz,2020,mil toneladas,39.284
Totales de las emisiones,Uruguay,Emisiones (CH4),Quemado de residuos agrícolas,2020,mil toneladas,0.7915
Totales de las emisiones,Uruguay,Emisiones (N2O),Quemado de residuos agrícolas,2020,mil toneladas,0.0205
Totales de las emisiones,Uruguay,Emisiones (CH4),Fermentación entérica,2020,mil toneladas,677.8434
Totales de las emisiones,Uruguay,Emisiones (CH4),Gestión del estiércol,2020,mil toneladas,13.8042
Totales de las emisiones,Uruguay,Emisiones (N2O),Gestión del estiércol,2020,mil toneladas,0.1991
Totales de las emisiones,Uruguay,Emisiones (N2O),Estiércol depositado en las pasturas,2020,mil toneladas,18.8229
Totales de las emisiones,Uruguay,Emisiones (N2O),Estiércol aplicado a los suelos,2020,mil toneladas,0.9306
Totales de las emisiones,Uruguay,Emisiones (N2O),Fertilizantes sintéticos,2020,mil toneladas,4.2488
Totales de las emisiones,Uruguay,Emisiones (CO2),Suelos orgánicos drenados (CO2),2020,mil toneladas,191.8686
Totales de las emisiones,Uruguay,Emisiones (N2O),Suelos orgánicos drenados (N2O),2020,mil toneladas,0.0917
Totales de las emisiones,Uruguay,Emisiones (CH4),On-farm energy use,2020,mil toneladas,0.0342
Totales de las emisiones,Uruguay,Emisiones (N2O),On-farm energy use,2020,mil toneladas,0.1614
Totales de las emisiones,Uruguay,Emisiones (CO2),On-farm energy use,2020,mil toneladas,445.1285
Totales de las emisiones,Uruguay,Emisiones (CO2),Tierras forestales,2020,mil toneladas,-1905.2
Totales de las emisiones,Uruguay,Emisiones (CO2),Conversión neta de bosques,2020,mil toneladas,0.0
Totales de las emisiones,Uruguay,Emisiones (CH4),Incendios de sabana,2020,mil toneladas,0.2731
Totales de las emisiones,Uruguay,Emisiones (N2O),Incendios de sabana,2020,mil toneladas,0.0249
Totales de las emisiones,Uruguay,Emisiones (CH4),Incendios en suelos de turba,2020,mil toneladas,0.0
Totales de las emisiones,Uruguay,Emisiones (CO2),Incendios en suelos de turba,2020,mil toneladas,0.0
Totales de las emisiones,Uruguay,Emisiones (CH4),Incendios forestales,2020,mil toneladas,0.0522
Totales de las emisiones,Uruguay,Emisiones (N2O),Incendios forestales,2020,mil toneladas,0.0048
Totales de las emisiones,Uruguay,Emisiones (CH4),Incendios en los bosques tropicales húmedos,2020,mil toneladas,0.0
Totales de las emisiones,Uruguay,Emisiones (N2O),Incendios en los bosques tropicales húmedos,2020,mil toneladas,0.0
Totales de las emisiones,Uruguay,Emisiones (CH4),Eliminación de desechos de sistemas agroalimentarios,2020,mil toneladas,36.5417
Totales de las emisiones,Uruguay,Emisiones (N2O),Eliminación de desechos de sistemas agroalimentarios,2020,mil toneladas,0.1135
Totales de las emisiones,Uruguay,Emisiones (CO2),Eliminación de desechos de sistemas agroalimentarios,2020,mil toneladas,0.2885
Totales de las emisiones,Uruguay,Emisiones (CO2),Fabricación de fertilizantes,2020,mil toneladas,9.7268
Totales de las emisiones,Uruguay,Emisiones (CH4),Fabricación de pesticidas,2020,mil toneladas,0.0
Totales de las emisiones,Uruguay,Emisiones (N2O),Fabricación de pesticidas,2020,mil toneladas,0.0
Totales de las emisiones,Uruguay,Emisiones (CO2),Fabricación de pesticidas,2020,mil toneladas,311.0
Totales de las emisiones,Uruguay,Emisiones (CH4),Uso de electricidad en agrícola,2020,mil toneladas,0.0021
Totales de las emisiones,Uruguay,Emisiones (N2O),Uso de electricidad en agrícola,2020,mil toneladas,0.0003
Totales de las emisiones,Uruguay,Emisiones (CO2),Uso de electricidad en agrícola,2020,mil toneladas,3.5194
Totales de las emisiones,Uruguay,Emisiones (CH4),Transformación de alimentos,2020,mil toneladas,0.0114
Totales de las emisiones,Uruguay,Emisiones (N2O),Transformación de alimentos,2020,mil toneladas,0.0019
Totales de las emisiones,Uruguay,Emisiones (CO2),Transformación de alimentos,2020,mil toneladas,132.4281
Totales de las emisiones,Uruguay,Emisiones (CH4),Envasado alimentario,2020,mil toneladas,0.0102
Totales de las emisiones,Uruguay,Emisiones (N2O),Envasado alimentario,2020,mil toneladas,0.0018
Totales de las emisiones,Uruguay,Emisiones (CO2),Envasado alimentario,2020,mil toneladas,158.6538
Totales de las emisiones,Uruguay,Emisiones (CH4),Venta de alimentos,2020,mil toneladas,0.0044
Totales de las emisiones,Uruguay,Emisiones (N2O),Venta de alimentos,2020,mil toneladas,0.0007
Totales de las emisiones,Uruguay,Emisiones (CO2),Venta de alimentos,2020,mil toneladas,21.6369
Totales de las emisiones,Uruguay,Emisiones (CH4),Consumo de alimentos en los hogares,2020,mil toneladas,0.0222
Totales de las emisiones,Uruguay,Emisiones (N2O),Consumo de alimentos en los hogares,2020,mil toneladas,0.0009
Totales de las emisiones,Uruguay,Emisiones (CO2),Consumo de alimentos en los hogares,2020,mil toneladas,243.6673
Totales de las emisiones,Uruguay,Emisiones (CH4),Transformación de alimentos,2020,mil toneladas,0.0816
Totales de las emisiones,Uruguay,Emisiones (N2O),Transformación de alimentos,2020,mil toneladas,0.0339
Totales de las emisiones,Uruguay,Emisiones (CO2),Transformación de alimentos,2020,mil toneladas,411.0743
Totales de las emisiones,Uruguay,Emisiones (CH4),Energía,2020,mil toneladas,10.3
Totales de las emisiones,Uruguay,Emisiones (N2O),Energía,2020,mil toneladas,0.72
Totales de las emisiones,Uruguay,Emisiones (CO2),Energía,2020,mil toneladas,7680.0
Totales de las emisiones,Uruguay,Emisiones (CH4),IPPU,2020,mil toneladas,0.0002
Totales de las emisiones,Uruguay,Emisiones (N2O),IPPU,2020,mil toneladas,0.0105
Totales de las emisiones,Uruguay,Emisiones (CO2),IPPU,2020,mil toneladas,339.0
Totales de las emisiones,Uruguay,Emisiones (CH4),Desechos,2020,mil toneladas,230.0
Totales de las emisiones,Uruguay,Emisiones (N2O),Desechos,2020,mil toneladas,0.186
Totales de las emisiones,Uruguay,Emisiones (CO2),Desechos,2020,mil toneladas,1.36
Totales de las emisiones,Uruguay,Emisiones (N2O),Otro,2020,mil toneladas,0.485
Totales de las emisiones,Venezuela (República Bolivariana de),Emisiones (N2O),Residuos agrícolas,2020,mil toneladas,0.4172
Totales de las emisiones,Venezuela (República Bolivariana de),Emisiones (CH4),Cultivo del arroz,2020,mil toneladas,30.8367
Totales de las emisiones,Venezuela (República Bolivariana de),Emisiones (CH4),Quemado de residuos agrícolas,2020,mil toneladas,1.4718
Totales de las emisiones,Venezuela (República Bolivariana de),Emisiones (N2O),Quemado de residuos agrícolas,2020,mil toneladas,0.0382
Totales de las emisiones,Venezuela (República Bolivariana de),Emisiones (CH4),Fermentación entérica,2020,mil toneladas,972.5815
Totales de las emisiones,Venezuela (República Bolivariana de),Emisiones (CH4),Gestión del estiércol,2020,mil toneladas,28.8583
Totales de las emisiones,Venezuela (República Bolivariana de),Emisiones (N2O),Gestión del estiércol,2020,mil toneladas,1.252
Totales de las emisiones,Venezuela (República Bolivariana de),Emisiones (N2O),Estiércol depositado en las pasturas,2020,mil toneladas,25.4997
Totales de las emisiones,Venezuela (República Bolivariana de),Emisiones (N2O),Estiércol aplicado a los suelos,2020,mil toneladas,3.4072
Totales de las emisiones,Venezuela (República Bolivariana de),Emisiones (N2O),Fertilizantes sintéticos,2020,mil toneladas,2.9629
Totales de las emisiones,Venezuela (República Bolivariana de),Emisiones (CO2),Suelos orgánicos drenados (CO2),2020,mil toneladas,1632.041
Totales de las emisiones,Venezuela (República Bolivariana de),Emisiones (N2O),Suelos orgánicos drenados (N2O),2020,mil toneladas,0.2641
Totales de las emisiones,Venezuela (República Bolivariana de),Emisiones (CH4),On-farm energy use,2020,mil toneladas,0.049
Totales de las emisiones,Venezuela (República Bolivariana de),Emisiones (N2O),On-farm energy use,2020,mil toneladas,0.0828
Totales de las emisiones,Venezuela (República Bolivariana de),Emisiones (CO2),On-farm energy use,2020,mil toneladas,497.723
Totales de las emisiones,Venezuela (República Bolivariana de),Emisiones (CO2),Tierras forestales,2020,mil toneladas,957.7691
Totales de las emisiones,Venezuela (República Bolivariana de),Emisiones (CO2),Conversión neta de bosques,2020,mil toneladas,39891.3821
Totales de las emisiones,Venezuela (República Bolivariana de),Emisiones (CH4),Incendios de sabana,2020,mil toneladas,58.8577
Totales de las emisiones,Venezuela (República Bolivariana de),Emisiones (N2O),Incendios de sabana,2020,mil toneladas,5.374
Totales de las emisiones,Venezuela (República Bolivariana de),Emisiones (CH4),Incendios en suelos de turba,2020,mil toneladas,0.0
Totales de las emisiones,Venezuela (República Bolivariana de),Emisiones (CO2),Incendios en suelos de turba,2020,mil toneladas,0.0
Totales de las emisiones,Venezuela (República Bolivariana de),Emisiones (CH4),Incendios forestales,2020,mil toneladas,17.0129
Totales de las emisiones,Venezuela (República Bolivariana de),Emisiones (N2O),Incendios forestales,2020,mil toneladas,1.5534
Totales de las emisiones,Venezuela (República Bolivariana de),Emisiones (CH4),Incendios en los bosques tropicales húmedos,2020,mil toneladas,11.5015
Totales de las emisiones,Venezuela (República Bolivariana de),Emisiones (N2O),Incendios en los bosques tropicales húmedos,2020,mil toneladas,1.0501
Totales de las emisiones,Venezuela (República Bolivariana de),Emisiones (CH4),Eliminación de desechos de sistemas agroalimentarios,2020,mil toneladas,37.22
Totales de las emisiones,Venezuela (República Bolivariana de),Emisiones (N2O),Eliminación de desechos de sistemas agroalimentarios,2020,mil toneladas,0.4962
Totales de las emisiones,Venezuela (República Bolivariana de),Emisiones (CO2),Fabricación de fertilizantes,2020,mil toneladas,4969.9691
Totales de las emisiones,Venezuela (República Bolivariana de),Emisiones (CH4),Fabricación de pesticidas,2020,mil toneladas,0.0
Totales de las emisiones,Venezuela (República Bolivariana de),Emisiones (N2O),Fabricación de pesticidas,2020,mil toneladas,0.0
Totales de las emisiones,Venezuela (República Bolivariana de),Emisiones (CO2),Fabricación de pesticidas,2020,mil toneladas,88.0
Totales de las emisiones,Venezuela (República Bolivariana de),Emisiones (CH4),Uso de electricidad en agrícola,2020,mil toneladas,0.0027
Totales de las emisiones,Venezuela (República Bolivariana de),Emisiones (N2O),Uso de electricidad en agrícola,2020,mil toneladas,0.0007
Totales de las emisiones,Venezuela (República Bolivariana de),Emisiones (CO2),Uso de electricidad en agrícola,2020,mil toneladas,120.5125
Totales de las emisiones,Venezuela (República Bolivariana de),Emisiones (CH4),Envasado alimentario,2020,mil toneladas,0.016
Totales de las emisiones,Venezuela (República Bolivariana de),Emisiones (N2O),Envasado alimentario,2020,mil toneladas,0.0036
Totales de las emisiones,Venezuela (República Bolivariana de),Emisiones (CO2),Envasado alimentario,2020,mil toneladas,641.6242
Totales de las emisiones,Venezuela (República Bolivariana de),Emisiones (CH4),Venta de alimentos,2020,mil toneladas,0.026
Totales de las emisiones,Venezuela (República Bolivariana de),Emisiones (N2O),Venta de alimentos,2020,mil toneladas,0.0064
Totales de las emisiones,Venezuela (República Bolivariana de),Emisiones (CO2),Venta de alimentos,2020,mil toneladas,1119.4681
Totales de las emisiones,Venezuela (República Bolivariana de),Emisiones (CH4),Consumo de alimentos en los hogares,2020,mil toneladas,0.0957
Totales de las emisiones,Venezuela (República Bolivariana de),Emisiones (N2O),Consumo de alimentos en los hogares,2020,mil toneladas,0.0082
Totales de las emisiones,Venezuela (República Bolivariana de),Emisiones (CO2),Consumo de alimentos en los hogares,2020,mil toneladas,1980.3231
Totales de las emisiones,Venezuela (República Bolivariana de),Emisiones (CH4),Transformación de alimentos,2020,mil toneladas,0.7241
Totales de las emisiones,Venezuela (República Bolivariana de),Emisiones (N2O),Transformación de alimentos,2020,mil toneladas,0.2487
Totales de las emisiones,Venezuela (República Bolivariana de),Emisiones (CO2),Transformación de alimentos,2020,mil toneladas,2421.8297
Totales de las emisiones,Venezuela (República Bolivariana de),Emisiones (CH4),Energía,2020,mil toneladas,954.0
Totales de las emisiones,Venezuela (República Bolivariana de),Emisiones (N2O),Energía,2020,mil toneladas,2.04
Totales de las emisiones,Venezuela (República Bolivariana de),Emisiones (CO2),Energía,2020,mil toneladas,81400.0
Totales de las emisiones,Venezuela (República Bolivariana de),Emisiones (CH4),IPPU,2020,mil toneladas,3.72
Totales de las emisiones,Venezuela (República Bolivariana de),Emisiones (N2O),IPPU,2020,mil toneladas,0.179
Totales de las emisiones,Venezuela (República Bolivariana de),Emisiones (CO2),IPPU,2020,mil toneladas,8560.0
Totales de las emisiones,Venezuela (República Bolivariana de),Emisiones (CH4),Desechos,2020,mil toneladas,492.0
Totales de las emisiones,Venezuela (República Bolivariana de),Emisiones (N2O),Desechos,2020,mil toneladas,1.38
Totales de las emisiones,Venezuela (República Bolivariana de),Emisiones (CO2),Desechos,2020,mil toneladas,17.3
Totales de las emisiones,Venezuela (República Bolivariana de),Emisiones (N2O),Otro,2020,mil toneladas,3.05
